{
    "utterances": [
        {
            "text": "baila conmigo",
            "entities": [
                {
                    "entity": "object:command",
                    "start": 0,
                    "end": 13,
                    "body": "baila conmigo",
                    "entities": []
                }
            ],
            "traits": [],
            "intent": "change_to_step"
        },
        {
            "text": "begin",
            "entities": [
                {
                    "entity": "object:command",
                    "start": 0,
                    "end": 5,
                    "body": "begin",
                    "entities": []
                }
            ],
            "traits": [],
            "intent": "change_to_step"
        },
        {
            "text": "dance with me",
            "entities": [
                {
                    "entity": "object:command",
                    "start": 0,
                    "end": 5,
                    "body": "dance",
                    "entities": []
                }
            ],
            "traits": [],
            "intent": "change_to_step"
        },
        {
            "text": "dance with you",
            "entities": [
                {
                    "entity": "object:command",
                    "start": 0,
                    "end": 5,
                    "body": "dance",
                    "entities": []
                }
            ],
            "traits": [],
            "intent": "change_to_step"
        },
        {
            "text": "do stuff",
            "entities": [
                {
                    "entity": "object:command",
                    "start": 3,
                    "end": 8,
                    "body": "stuff",
                    "entities": []
                }
            ],
            "traits": [],
            "intent": "change_to_step"
        },
        {
            "text": "go slow",
            "entities": [
                {
                    "entity": "object:command",
                    "start": 3,
                    "end": 7,
                    "body": "slow",
                    "entities": []
                }
            ],
            "traits": [],
            "intent": "change_to_step"
        },
        {
            "text": "go to step 2",
            "entities": [
                {
                    "entity": "object:command",
                    "start": 6,
                    "end": 12,
                    "body": "step 2",
                    "entities": []
                }
            ],
            "traits": [],
            "intent": "change_to_step"
        },
        {
            "text": "go to step 3",
            "entities": [
                {
                    "entity": "object:command",
                    "start": 6,
                    "end": 12,
                    "body": "step 3",
                    "entities": []
                }
            ],
            "traits": [],
            "intent": "change_to_step"
        },
        {
            "text": "go to step one",
            "entities": [
                {
                    "entity": "object:command",
                    "start": 6,
                    "end": 14,
                    "body": "step one",
                    "entities": []
                }
            ],
            "traits": [],
            "intent": "change_to_step"
        },
        {
            "text": "go to step three",
            "entities": [
                {
                    "entity": "object:command",
                    "start": 6,
                    "end": 16,
                    "body": "step three",
                    "entities": []
                }
            ],
            "traits": [],
            "intent": "change_to_step"
        },
        {
            "text": "height info",
            "entities": [
                {
                    "entity": "object:command",
                    "start": 0,
                    "end": 11,
                    "body": "height info",
                    "entities": []
                }
            ],
            "traits": [],
            "intent": "change_to_step"
        },
        {
            "text": "help",
            "entities": [
                {
                    "entity": "object:command",
                    "start": 0,
                    "end": 4,
                    "body": "help",
                    "entities": []
                }
            ],
            "traits": [],
            "intent": "change_to_step"
        },
        {
            "text": "help me",
            "entities": [
                {
                    "entity": "object:command",
                    "start": 0,
                    "end": 7,
                    "body": "help me",
                    "entities": []
                }
            ],
            "traits": [],
            "intent": "change_to_step"
        },
        {
            "text": "hida panel",
            "entities": [
                {
                    "entity": "object:command",
                    "start": 0,
                    "end": 10,
                    "body": "hida panel",
                    "entities": []
                }
            ],
            "traits": [],
            "intent": "change_to_step"
        },
        {
            "text": "hide info",
            "entities": [
                {
                    "entity": "object:command",
                    "start": 0,
                    "end": 9,
                    "body": "hide info",
                    "entities": []
                }
            ],
            "traits": [],
            "intent": "change_to_step"
        },
        {
            "text": "hide panel",
            "entities": [
                {
                    "entity": "object:command",
                    "start": 0,
                    "end": 10,
                    "body": "hide panel",
                    "entities": []
                }
            ],
            "traits": [],
            "intent": "change_to_step"
        },
        {
            "text": "hide the panel",
            "entities": [
                {
                    "entity": "object:command",
                    "start": 0,
                    "end": 4,
                    "body": "hide",
                    "entities": []
                }
            ],
            "traits": [],
            "intent": "change_to_step"
        },
        {
            "text": "hiding for",
            "entities": [
                {
                    "entity": "object:command",
                    "start": 0,
                    "end": 10,
                    "body": "hiding for",
                    "entities": []
                }
            ],
            "traits": [],
            "intent": "change_to_step"
        },
        {
            "text": "hiding info",
            "entities": [
                {
                    "entity": "object:command",
                    "start": 0,
                    "end": 11,
                    "body": "hiding info",
                    "entities": []
                }
            ],
            "traits": [],
            "intent": "change_to_step"
        },
        {
            "text": "hiding pho",
            "entities": [
                {
                    "entity": "object:command",
                    "start": 0,
                    "end": 10,
                    "body": "hiding pho",
                    "entities": []
                }
            ],
            "traits": [],
            "intent": "change_to_step"
        },
        {
            "text": "high tunnel",
            "entities": [
                {
                    "entity": "object:command",
                    "start": 0,
                    "end": 11,
                    "body": "high tunnel",
                    "entities": []
                }
            ],
            "traits": [],
            "intent": "change_to_step"
        },
        {
            "text": "hyde info",
            "entities": [
                {
                    "entity": "object:command",
                    "start": 0,
                    "end": 9,
                    "body": "hyde info",
                    "entities": []
                }
            ],
            "traits": [],
            "intent": "change_to_step"
        },
        {
            "text": "i am ready",
            "entities": [
                {
                    "entity": "object:command",
                    "start": 5,
                    "end": 10,
                    "body": "ready",
                    "entities": []
                }
            ],
            "traits": [],
            "intent": "change_to_step"
        },
        {
            "text": "let's begin",
            "entities": [
                {
                    "entity": "object:command",
                    "start": 6,
                    "end": 11,
                    "body": "begin",
                    "entities": []
                }
            ],
            "traits": [],
            "intent": "change_to_step"
        },
        {
            "text": "let's dance",
            "entities": [
                {
                    "entity": "object:command",
                    "start": 6,
                    "end": 11,
                    "body": "dance",
                    "entities": []
                }
            ],
            "traits": [],
            "intent": "change_to_step"
        },
        {
            "text": "let's go normal speed",
            "entities": [
                {
                    "entity": "object:command",
                    "start": 16,
                    "end": 21,
                    "body": "speed",
                    "entities": []
                }
            ],
            "traits": [],
            "intent": "change_to_step"
        },
        {
            "text": "let's speed up",
            "entities": [
                {
                    "entity": "object:command",
                    "start": 6,
                    "end": 11,
                    "body": "speed",
                    "entities": []
                }
            ],
            "traits": [],
            "intent": "change_to_step"
        },
        {
            "text": "lets dance",
            "entities": [
                {
                    "entity": "object:command",
                    "start": 5,
                    "end": 10,
                    "body": "dance",
                    "entities": []
                }
            ],
            "traits": [],
            "intent": "change_to_step"
        },
        {
            "text": "mas lento",
            "entities": [
                {
                    "entity": "object:command",
                    "start": 0,
                    "end": 9,
                    "body": "mas lento",
                    "entities": []
                }
            ],
            "traits": [],
            "intent": "change_to_step"
        },
        {
            "text": "mas rapido",
            "entities": [
                {
                    "entity": "object:command",
                    "start": 0,
                    "end": 10,
                    "body": "mas rapido",
                    "entities": []
                }
            ],
            "traits": [],
            "intent": "change_to_step"
        },
        {
            "text": "move the camera",
            "entities": [
                {
                    "entity": "object:command",
                    "start": 9,
                    "end": 15,
                    "body": "camera",
                    "entities": []
                }
            ],
            "traits": [],
            "intent": "change_to_step"
        },
        {
            "text": "move to step two",
            "entities": [
                {
                    "entity": "object:command",
                    "start": 8,
                    "end": 16,
                    "body": "step two",
                    "entities": []
                }
            ],
            "traits": [],
            "intent": "change_to_step"
        },
        {
            "text": "normal speed",
            "entities": [
                {
                    "entity": "object:command",
                    "start": 7,
                    "end": 12,
                    "body": "speed",
                    "entities": []
                }
            ],
            "traits": [],
            "intent": "change_to_step"
        },
        {
            "text": "paso 2",
            "entities": [
                {
                    "entity": "object:command",
                    "start": 5,
                    "end": 6,
                    "body": "2",
                    "entities": []
                }
            ],
            "traits": [],
            "intent": "change_to_step"
        },
        {
            "text": "paso dos",
            "entities": [
                {
                    "entity": "object:command",
                    "start": 0,
                    "end": 8,
                    "body": "paso dos",
                    "entities": []
                }
            ],
            "traits": [],
            "intent": "change_to_step"
        },
        {
            "text": "paso uno",
            "entities": [
                {
                    "entity": "object:command",
                    "start": 5,
                    "end": 8,
                    "body": "uno",
                    "entities": []
                }
            ],
            "traits": [],
            "intent": "change_to_step"
        },
        {
            "text": "play intro",
            "entities": [
                {
                    "entity": "object:command",
                    "start": 5,
                    "end": 10,
                    "body": "intro",
                    "entities": []
                }
            ],
            "traits": [],
            "intent": "intro"
        },
        {
            "text": "recenter",
            "entities": [
                {
                    "entity": "object:command",
                    "start": 0,
                    "end": 8,
                    "body": "recenter",
                    "entities": []
                }
            ],
            "traits": [],
            "intent": "change_to_step"
        },
        {
            "text": "rv center",
            "entities": [
                {
                    "entity": "object:command",
                    "start": 0,
                    "end": 9,
                    "body": "rv center",
                    "entities": []
                }
            ],
            "traits": [],
            "intent": "change_to_step"
        },
        {
            "text": "show info",
            "entities": [
                {
                    "entity": "object:command",
                    "start": 0,
                    "end": 9,
                    "body": "show info",
                    "entities": []
                }
            ],
            "traits": [],
            "intent": "change_to_step"
        },
        {
            "text": "show me the info",
            "entities": [
                {
                    "entity": "object:command",
                    "start": 0,
                    "end": 4,
                    "body": "show",
                    "entities": []
                }
            ],
            "traits": [],
            "intent": "change_to_step"
        },
        {
            "text": "show panel",
            "entities": [
                {
                    "entity": "object:command",
                    "start": 0,
                    "end": 10,
                    "body": "show panel",
                    "entities": []
                }
            ],
            "traits": [],
            "intent": "change_to_step"
        },
        {
            "text": "showing info",
            "entities": [
                {
                    "entity": "object:command",
                    "start": 0,
                    "end": 12,
                    "body": "showing info",
                    "entities": []
                }
            ],
            "traits": [],
            "intent": "change_to_step"
        },
        {
            "text": "skip it tutorial",
            "entities": [
                {
                    "entity": "object:command",
                    "start": 8,
                    "end": 16,
                    "body": "tutorial",
                    "entities": []
                }
            ],
            "traits": [],
            "intent": "change_to_step"
        },
        {
            "text": "skip the tutorial",
            "entities": [
                {
                    "entity": "object:command",
                    "start": 9,
                    "end": 17,
                    "body": "tutorial",
                    "entities": []
                }
            ],
            "traits": [],
            "intent": "change_to_step"
        },
        {
            "text": "skip tutorial",
            "entities": [
                {
                    "entity": "object:command",
                    "start": 5,
                    "end": 13,
                    "body": "tutorial",
                    "entities": []
                }
            ],
            "traits": [],
            "intent": "change_to_step"
        },
        {
            "text": "slow down",
            "entities": [
                {
                    "entity": "object:command",
                    "start": 0,
                    "end": 4,
                    "body": "slow",
                    "entities": []
                }
            ],
            "traits": [],
            "intent": "change_to_step"
        },
        {
            "text": "slowed down",
            "entities": [
                {
                    "entity": "object:command",
                    "start": 0,
                    "end": 6,
                    "body": "slowed",
                    "entities": []
                }
            ],
            "traits": [],
            "intent": "change_to_step"
        },
        {
            "text": "speed up",
            "entities": [
                {
                    "entity": "object:command",
                    "start": 0,
                    "end": 5,
                    "body": "speed",
                    "entities": []
                }
            ],
            "traits": [],
            "intent": "change_to_step"
        },
        {
            "text": "step 1",
            "entities": [
                {
                    "entity": "object:command",
                    "start": 0,
                    "end": 6,
                    "body": "step 1",
                    "entities": []
                }
            ],
            "traits": [],
            "intent": "change_to_step"
        },
        {
            "text": "step 2",
            "entities": [
                {
                    "entity": "object:command",
                    "start": 0,
                    "end": 6,
                    "body": "step 2",
                    "entities": []
                }
            ],
            "traits": [],
            "intent": "change_to_step"
        },
        {
            "text": "step 3",
            "entities": [
                {
                    "entity": "object:command",
                    "start": 0,
                    "end": 6,
                    "body": "step 3",
                    "entities": []
                }
            ],
            "traits": [],
            "intent": "change_to_step"
        },
        {
            "text": "step by step",
            "entities": [
                {
                    "entity": "object:command",
                    "start": 0,
                    "end": 12,
                    "body": "step by step",
                    "entities": []
                }
            ],
            "traits": [],
            "intent": "change_to_step"
        },
        {
            "text": "step one",
            "entities": [
                {
                    "entity": "object:command",
                    "start": 0,
                    "end": 8,
                    "body": "step one",
                    "entities": []
                }
            ],
            "traits": [],
            "intent": "change_to_step"
        },
        {
            "text": "step three",
            "entities": [
                {
                    "entity": "object:command",
                    "start": 0,
                    "end": 10,
                    "body": "step three",
                    "entities": []
                }
            ],
            "traits": [],
            "intent": "change_to_step"
        },
        {
            "text": "step two",
            "entities": [
                {
                    "entity": "object:command",
                    "start": 0,
                    "end": 8,
                    "body": "step two",
                    "entities": []
                }
            ],
            "traits": [],
            "intent": "change_to_step"
        },
        {
            "text": "stuff",
            "entities": [
                {
                    "entity": "object:command",
                    "start": 0,
                    "end": 5,
                    "body": "stuff",
                    "entities": []
                }
            ],
            "traits": [],
            "intent": "change_to_step"
        },
        {
            "text": "teach me step 1",
            "entities": [
                {
                    "entity": "object:command",
                    "start": 9,
                    "end": 15,
                    "body": "step 1",
                    "entities": []
                }
            ],
            "traits": [],
            "intent": "change_to_step"
        },
        {
            "text": "teach me step 2",
            "entities": [
                {
                    "entity": "object:command",
                    "start": 9,
                    "end": 15,
                    "body": "step 2",
                    "entities": []
                }
            ],
            "traits": [],
            "intent": "change_to_step"
        },
        {
            "text": "teach me step one",
            "entities": [
                {
                    "entity": "object:command",
                    "start": 9,
                    "end": 17,
                    "body": "step one",
                    "entities": []
                }
            ],
            "traits": [],
            "intent": "change_to_step"
        },
        {
            "text": "teach me step two",
            "entities": [
                {
                    "entity": "object:command",
                    "start": 9,
                    "end": 17,
                    "body": "step two",
                    "entities": []
                }
            ],
            "traits": [],
            "intent": "change_to_step"
        },
        {
            "text": "vicente",
            "entities": [
                {
                    "entity": "object:command",
                    "start": 0,
                    "end": 7,
                    "body": "vicente",
                    "entities": []
                }
            ],
            "traits": [],
            "intent": "change_to_step"
        }
    ]
}
