{
    "name": "object",
    "roles": [
        "command",
        "object"
    ],
    "lookups": [
        "free-text",
        "keywords"
    ],
    "keywords": [
        {
            "keyword": "begin",
            "synonyms": [
                "begin",
                "ready"
            ]
        },
        {
            "keyword": "box",
            "synonyms": [
                "box"
            ]
        },
        {
            "keyword": "camera",
            "synonyms": [
                "camera"
            ]
        },
        {
            "keyword": "cylinder",
            "synonyms": [
                "cylinder"
            ]
        },
        {
            "keyword": "dance",
            "synonyms": [
                "baila conmigo",
                "dance"
            ]
        },
        {
            "keyword": "help",
            "synonyms": [
                "help",
                "help me"
            ]
        },
        {
            "keyword": "hide info",
            "synonyms": [
                "height info",
                "hida panel",
                "hide",
                "hide info",
                "hide panel",
                "hiding for",
                "hiding info",
                "hiding pho",
                "high tunnel",
                "hyde info"
            ]
        },
        {
            "keyword": "intro",
            "synonyms": [
                "intro"
            ]
        },
        {
            "keyword": "ready",
            "synonyms": [
                "ready"
            ]
        },
        {
            "keyword": "recenter",
            "synonyms": [
                "camera",
                "recenter",
                "rv center",
                "vicente"
            ]
        },
        {
            "keyword": "show info",
            "synonyms": [
                "help",
                "show",
                "show info",
                "show panel",
                "showing info"
            ]
        },
        {
            "keyword": "slow",
            "synonyms": [
                "mas lento",
                "slow",
                "slowed",
                "step by step"
            ]
        },
        {
            "keyword": "speed",
            "synonyms": [
                "mas rapido",
                "speed"
            ]
        },
        {
            "keyword": "sphere",
            "synonyms": [
                "sphere"
            ]
        },
        {
            "keyword": "step 1",
            "synonyms": [
                "step 1"
            ]
        },
        {
            "keyword": "step 2",
            "synonyms": [
                "2",
                "paso dos",
                "step 2",
                "step two"
            ]
        },
        {
            "keyword": "step one",
            "synonyms": [
                "1",
                "step 1",
                "step one",
                "uno"
            ]
        },
        {
            "keyword": "step three",
            "synonyms": [
                "step 3",
                "step three"
            ]
        },
        {
            "keyword": "step two",
            "synonyms": [
                "step two"
            ]
        },
        {
            "keyword": "stuff",
            "synonyms": [
                "help",
                "stuff"
            ]
        },
        {
            "keyword": "tutorial",
            "synonyms": [
                "tutorial"
            ]
        }
    ]
}
